open,high,low,close
87.65100000000001,87.669,87.63,87.65700000000001
87.65700000000001,87.677,87.63600000000001,87.641
87.64200000000001,87.696,87.64200000000001,87.68700000000001
87.68700000000001,87.70700000000001,87.665,87.698
87.698,87.72,87.681,87.719
87.71600000000001,87.72200000000001,87.68299999999999,87.72200000000001
87.72,87.72200000000001,87.67399999999999,87.689
87.69200000000001,87.695,87.62100000000001,87.624
87.62200000000001,87.62200000000001,87.57600000000001,87.594
87.595,87.62700000000001,87.579,87.60600000000001
87.61,87.615,87.537,87.56700000000001
87.56700000000001,87.60600000000001,87.564,87.594
87.594,87.616,87.40100000000001,87.45700000000001
87.46,87.48700000000001,87.38,87.38
87.38,87.383,87.213,87.26100000000001
87.26100000000001,87.279,86.98100000000001,87.014
87.01100000000001,87.141,87.01,87.12899999999999
87.12700000000001,87.15299999999999,87.085,87.141
87.141,87.145,87.064,87.085
87.088,87.115,87.07,87.07600000000001
87.07600000000001,87.1,87.04299999999999,87.1
87.022,87.022,86.788,86.85600000000001
86.85700000000001,86.88,86.76700000000001,86.79
86.791,86.85,86.695,86.71700000000001
86.71700000000001,86.729,86.48100000000001,86.505
86.505,86.59100000000001,86.45700000000001,86.57
86.56700000000001,86.604,86.49600000000001,86.59100000000001
86.59100000000001,86.6,86.51700000000001,86.561
86.56200000000001,86.565,86.448,86.5
86.5,86.529,86.36200000000001,86.37200000000001
86.374,86.421,86.31700000000001,86.395
86.39200000000001,86.421,86.35,86.383
86.382,86.416,86.344,86.41
86.41,86.494,86.398,86.461
86.46,86.598,86.455,86.58
86.58200000000001,86.62100000000001,86.53200000000001,86.618
86.615,86.615,86.556,86.59200000000001
86.594,86.662,86.594,86.60600000000001
86.60700000000001,86.615,86.538,86.556
86.556,86.61,86.531,86.60600000000001
86.60600000000001,86.641,86.59100000000001,86.641
86.639,86.645,86.616,86.62100000000001
86.616,86.669,86.57600000000001,86.603
86.604,86.63,86.58200000000001,86.61200000000001
86.609,86.61,86.507,86.53399999999999
86.53399999999999,86.57700000000001,86.51,86.56200000000001
86.561,86.57,86.529,86.565
86.564,86.565,86.51700000000001,86.53399999999999
86.53200000000001,86.56700000000001,86.50399999999999,86.559
86.559,86.6,86.555,86.58
86.579,86.594,86.529,86.541
86.54,86.544,86.47,86.5
86.5,86.529,86.47200000000001,86.478
86.478,86.48700000000001,86.368,86.37200000000001
86.37200000000001,86.45100000000001,86.363,86.436
86.436,86.478,86.4,86.421
86.419,86.455,86.41,86.431
86.428,86.476,86.37899999999999,86.46600000000001
86.464,86.505,86.41,86.421
86.421,86.439,86.375,86.383
86.37899999999999,86.398,86.291,86.37100000000001
86.37100000000001,86.40700000000001,86.365,86.365
86.368,86.368,86.3,86.329
86.329,86.354,86.31200000000001,86.33
86.33,86.398,86.32600000000001,86.368
86.365,86.39200000000001,86.34100000000001,86.368
86.368,86.374,86.094,86.139
86.139,86.171,86.056,86.095
86.09100000000001,86.104,86.035,86.086
86.086,86.16,86.074,86.145
86.14399999999999,86.18700000000001,86.13600000000001,86.178
86.178,86.18700000000001,86.125,86.16
86.16,86.19200000000001,86.09200000000001,86.113
86.11,86.125,86.07,86.098
86.09700000000001,86.13600000000001,86.08,86.115
86.115,86.13,86.029,86.037
86.035,86.10600000000001,85.99,86.074
86.07700000000001,86.16799999999999,86.059,86.16799999999999
86.166,86.19,86.13,86.15100000000001
86.15100000000001,86.15899999999999,86.074,86.088
86.086,86.10600000000001,85.994,86.0
86.00399999999999,86.035,85.988,86.02600000000001
86.02799999999999,86.094,86.01700000000001,86.094
86.09200000000001,86.103,86.05799999999999,86.079
86.079,86.088,85.96,85.973
85.97,86.0,85.939,85.945
85.946,85.946,85.803,85.844
85.844,85.863,85.809,85.85600000000001
85.85600000000001,85.921,85.851,85.898
85.897,86.10600000000001,85.895,86.064
86.065,86.065,85.906,85.90700000000001
85.91,85.948,85.84200000000001,85.85
85.848,85.895,85.815,85.88
85.88,85.895,85.787,85.81700000000001
85.814,85.866,85.77799999999999,85.814
85.814,85.898,85.81200000000001,85.874
85.874,85.916,85.76,85.76
85.76,85.76700000000001,85.61200000000001,85.67399999999999
85.675,85.71600000000001,85.633,85.714
85.72,85.749,85.64399999999999,85.67399999999999
85.671,85.76100000000001,85.639,85.728
85.73100000000001,85.81700000000001,85.708,85.779
85.77600000000001,85.891,85.76299999999999,85.885
85.885,85.97,85.875,85.928
85.931,86.06700000000001,85.925,86.02
86.01899999999999,86.06700000000001,86.005,86.025
86.023,86.02600000000001,85.87700000000001,85.88600000000001
85.885,85.95100000000001,85.874,85.915
85.90700000000001,85.927,85.874,85.921
85.919,85.919,85.821,85.84100000000001
85.84100000000001,85.898,85.82700000000001,85.883
85.883,85.90100000000001,85.835,85.848
85.84700000000001,85.87700000000001,85.821,85.838
85.836,85.92200000000001,85.83,85.90100000000001
85.90100000000001,85.919,85.869,85.898
85.898,85.93299999999999,85.87700000000001,85.891
85.889,85.90100000000001,85.835,85.89200000000001
85.89200000000001,85.897,85.824,85.829
85.83,85.86200000000001,85.794,85.86200000000001
85.86200000000001,85.87100000000001,85.78200000000001,85.785
85.78399999999999,85.81200000000001,85.741,85.805
85.805,85.81700000000001,85.77600000000001,85.811
85.809,85.851,85.794,85.85
85.851,85.89399999999999,85.838,85.86200000000001
85.86200000000001,85.95100000000001,85.86,85.949
85.95100000000001,85.95200000000001,85.83200000000001,85.85600000000001
85.854,85.868,85.794,85.84100000000001
85.84100000000001,85.85600000000001,85.806,85.835
85.833,85.87200000000001,85.83,85.85
85.853,85.916,85.84100000000001,85.874
85.87200000000001,85.90100000000001,85.824,85.845
85.839,85.885,85.82600000000001,85.836
85.836,85.859,85.79700000000001,85.81700000000001
85.815,85.818,85.781,85.785
85.785,85.79,85.74,85.79
85.79,85.8,85.76700000000001,85.775
85.77600000000001,85.82,85.773,85.794
85.794,85.814,85.72200000000001,85.73200000000001
85.73100000000001,85.734,85.698,85.70700000000001
85.708,85.713,85.54299999999999,85.561
85.561,85.62899999999999,85.552,85.625
85.625,85.704,85.598,85.70100000000001
85.699,85.699,85.615,85.65700000000001
85.65700000000001,85.669,85.588,85.588
85.589,85.62200000000001,85.552,85.55799999999999
85.55799999999999,85.616,85.556,85.60600000000001
85.60600000000001,85.60600000000001,85.553,85.589
85.588,85.588,85.49600000000001,85.531
85.53200000000001,85.573,85.525,85.56700000000001
85.57,85.59100000000001,85.546,85.57600000000001
85.57600000000001,85.64200000000001,85.564,85.583
85.583,85.65,85.553,85.639
85.639,85.749,85.63600000000001,85.70700000000001
85.708,85.749,85.69200000000001,85.743
85.749,85.755,85.681,85.681
85.684,85.70200000000001,85.647,85.69200000000001
85.69200000000001,85.70100000000001,85.63600000000001,85.654
85.656,85.678,85.63,85.656
85.654,85.671,85.615,85.66
85.66,85.689,85.62899999999999,85.639
85.639,85.665,85.613,85.648
85.645,85.678,85.60600000000001,85.66
85.66,85.734,85.63600000000001,85.719
85.719,85.79,85.713,85.76100000000001
85.76100000000001,85.76100000000001,85.695,85.73700000000001
85.73700000000001,85.749,85.666,85.666
85.666,85.693,85.654,85.69
85.689,85.749,85.681,85.72
85.72,85.74700000000001,85.68700000000001,85.69200000000001
85.69200000000001,85.70100000000001,85.615,85.633
85.633,85.648,85.573,85.603
85.603,85.647,85.594,85.625
85.624,85.666,85.618,85.63
85.632,85.68700000000001,85.62700000000001,85.64200000000001
85.645,85.648,85.579,85.586
85.588,85.63600000000001,85.574,85.613
85.61200000000001,85.61200000000001,85.48200000000001,85.516
85.51700000000001,85.61200000000001,85.49,85.60700000000001
85.60700000000001,85.693,85.60700000000001,85.641
85.641,85.663,85.573,85.59200000000001
85.589,85.63,85.52,85.538
85.538,85.54899999999999,85.43,85.538
85.537,85.57600000000001,85.49,85.555
85.555,85.645,85.535,85.633
85.635,85.678,85.54700000000001,85.59100000000001
85.594,85.609,85.544,85.561
85.561,85.59100000000001,85.544,85.57600000000001
85.57600000000001,85.57600000000001,85.529,85.552
85.55,85.556,85.485,85.54
85.538,85.55,85.485,85.523
85.523,85.559,85.505,85.529
85.531,85.531,85.47200000000001,85.484
85.484,85.508,85.37700000000001,85.39399999999999
85.39399999999999,85.421,85.34100000000001,85.38799999999999
85.38799999999999,85.436,85.36200000000001,85.43
85.428,85.464,85.38799999999999,85.448
85.448,85.488,85.434,85.475
85.475,85.51,85.415,85.51
85.508,85.573,85.49700000000001,85.573
85.571,85.594,85.546,85.59200000000001
85.59200000000001,85.59700000000001,85.56200000000001,85.565
85.564,85.56700000000001,85.44200000000001,85.45100000000001
85.45100000000001,85.499,85.45100000000001,85.473
85.47200000000001,85.51100000000001,85.47200000000001,85.5
85.5,85.541,85.49,85.535
85.538,85.538,85.49600000000001,85.49600000000001
85.49600000000001,85.525,85.473,85.51899999999999
85.516,85.556,85.50200000000001,85.525
85.525,85.535,85.505,85.505
85.50399999999999,85.56200000000001,85.499,85.555
85.553,85.58200000000001,85.546,85.57700000000001
85.57600000000001,85.598,85.565,85.586
85.585,85.65700000000001,85.573,85.64399999999999
85.64399999999999,85.71,85.64399999999999,85.678
85.681,85.74,85.678,85.705
85.71,85.728,85.70200000000001,85.71600000000001
85.713,85.766,85.696,85.766
85.76700000000001,85.794,85.757,85.78200000000001
85.779,85.811,85.77600000000001,85.78399999999999
85.78399999999999,85.794,85.734,85.73700000000001
85.73700000000001,85.74,85.684,85.689
85.689,85.698,85.669,85.675
85.67399999999999,85.698,85.671,85.69200000000001
85.69,85.71600000000001,85.68,85.705
85.705,85.738,85.689,85.70700000000001
85.705,85.728,85.66799999999999,85.689
85.69,85.77799999999999,85.68700000000001,85.76100000000001
85.76100000000001,85.779,85.726,85.75399999999999
85.749,85.75200000000001,85.704,85.713
85.711,85.711,85.675,85.70700000000001
85.704,85.71700000000001,85.68,85.71
85.71,85.74600000000001,85.70100000000001,85.744
85.744,85.74600000000001,85.723,85.735
85.734,85.76,85.71700000000001,85.735
85.73700000000001,85.73700000000001,85.698,85.713
85.713,85.729,85.678,85.705
85.704,85.704,85.65700000000001,85.689
85.69,85.734,85.686,85.734
85.734,85.755,85.70200000000001,85.708
85.71,85.73100000000001,85.68299999999999,85.695
85.696,85.749,85.69,85.738
85.738,85.76700000000001,85.723,85.729
85.728,85.749,85.69,85.734
85.735,85.755,85.70100000000001,85.726
85.725,85.734,85.70700000000001,85.72
85.719,85.75,85.699,85.74
85.74,85.781,85.734,85.758
85.758,85.78399999999999,85.74,85.766
85.76700000000001,85.806,85.744,85.8
85.8,85.866,85.8,85.85
85.851,85.865,85.82600000000001,85.854
85.854,85.865,85.835,85.865
85.865,85.90100000000001,85.86200000000001,85.895
85.895,85.921,85.895,85.919
85.919,85.95700000000001,85.919,85.94
85.94,85.95700000000001,85.939,85.954
85.95200000000001,85.95200000000001,85.868,85.874
85.874,85.883,85.848,85.86
85.86,85.87100000000001,85.848,85.85
85.85,85.86,85.845,85.845
85.845,85.85,85.835,85.836
85.835,85.85600000000001,85.835,85.853
85.854,85.87100000000001,85.853,85.87100000000001
85.87100000000001,85.91,85.87100000000001,85.90700000000001
85.93700000000001,85.94,85.90100000000001,85.904
85.898,85.904,85.85600000000001,85.865
85.863,85.87700000000001,85.781,85.79
85.788,85.79899999999999,85.735,85.744
85.744,85.76299999999999,85.73200000000001,85.749
85.749,85.755,85.669,85.675
85.678,85.72200000000001,85.656,85.696
85.696,85.725,85.65100000000001,85.69
85.695,85.744,85.681,85.73100000000001
85.728,85.74,85.69200000000001,85.69200000000001
85.693,85.743,85.68700000000001,85.714
85.713,85.73100000000001,85.669,85.68
85.678,85.72,85.65700000000001,85.71
85.714,85.738,85.71,85.719
85.719,85.757,85.719,85.73200000000001
85.734,85.74,85.695,85.71
85.71,85.73100000000001,85.689,85.73100000000001
85.73100000000001,85.738,85.70100000000001,85.73100000000001
85.73100000000001,85.74700000000001,85.726,85.73100000000001
85.734,85.734,85.71,85.71700000000001
85.719,85.76100000000001,85.71600000000001,85.75
85.75200000000001,85.758,85.73100000000001,85.75
85.75,85.79,85.738,85.77
85.77,85.84100000000001,85.77,85.83
85.83200000000001,85.88600000000001,85.83200000000001,85.87100000000001
85.874,85.875,85.824,85.82600000000001
85.823,85.839,85.806,85.81200000000001
85.809,85.844,85.805,85.84100000000001
85.838,85.87100000000001,85.829,85.85600000000001
85.85600000000001,85.87100000000001,85.833,85.835
85.835,85.85,85.818,85.82600000000001
85.829,85.88,85.82700000000001,85.87100000000001
85.869,85.87200000000001,85.803,85.803
85.802,85.81700000000001,85.77799999999999,85.787
85.788,85.791,85.669,85.678
85.678,85.71,85.647,85.65
85.65100000000001,85.83200000000001,85.63,85.76100000000001
85.76100000000001,85.823,85.726,85.749
85.74700000000001,85.77,85.68700000000001,85.713
85.714,85.895,85.678,85.89399999999999
85.895,85.904,85.788,85.814
85.814,85.824,85.684,85.719
85.72,85.97,85.68,85.969
85.969,86.089,85.955,85.96
85.96,86.023,85.913,86.01700000000001
86.01700000000001,86.189,86.01700000000001,86.181
86.181,86.23700000000001,86.169,86.226
86.225,86.26,86.11200000000001,86.24600000000001
86.24600000000001,86.26,86.104,86.148
86.15,86.17200000000001,86.095,86.135
86.13600000000001,86.21700000000001,86.119,86.189
86.189,86.214,86.12100000000001,86.12100000000001
86.12100000000001,86.154,86.09700000000001,86.12700000000001
86.12700000000001,86.211,86.09700000000001,86.19
86.189,86.26100000000001,86.16799999999999,86.24600000000001
86.24600000000001,86.257,86.16,86.162
86.16,86.18700000000001,86.12700000000001,86.14399999999999
86.14200000000001,86.17399999999999,86.125,86.15899999999999
86.15899999999999,86.21,86.15299999999999,86.189
86.189,86.25,86.18299999999999,86.23700000000001
86.23700000000001,86.288,86.213,86.28200000000001
86.28200000000001,86.351,86.281,86.318
86.31700000000001,86.34700000000001,86.264,86.303
86.303,86.311,86.241,86.27
86.27,86.27,86.211,86.238
86.24,86.258,86.21600000000001,86.225
86.223,86.244,86.189,86.21
86.208,86.228,86.181,86.186
86.18299999999999,86.186,86.16,86.171
86.171,86.17399999999999,86.13,86.15700000000001
86.15899999999999,86.169,86.101,86.103
86.103,86.115,86.044,86.061
86.06200000000001,86.118,86.05799999999999,86.118
86.116,86.148,86.1,86.1
86.098,86.145,86.088,86.12200000000001
86.124,86.162,86.12100000000001,86.154
86.156,86.171,86.09100000000001,86.103
86.1,86.124,86.08,86.109
86.109,86.11200000000001,86.06200000000001,86.07
86.068,86.068,86.01100000000001,86.041
86.041,86.05799999999999,86.008,86.03200000000001
86.035,86.089,86.031,86.086
86.088,86.088,86.06700000000001,86.074
86.07600000000001,86.22,86.06700000000001,86.19
86.189,86.22,86.135,86.169
86.169,86.181,86.141,86.15
86.15,86.16799999999999,86.124,86.15100000000001
86.148,86.16,86.037,86.04899999999999
86.04899999999999,86.07,86.035,86.05
86.05,86.05,85.90700000000001,85.912
85.912,85.912,85.859,85.883
85.883,85.943,85.883,85.916
85.913,85.973,85.913,85.95700000000001
85.95700000000001,85.994,85.95100000000001,85.975
85.976,85.976,85.898,85.925
85.927,86.01,85.916,85.984
85.984,86.005,85.97200000000001,85.976
85.978,85.99700000000001,85.898,85.898
85.897,85.898,85.79700000000001,85.82
85.82,85.882,85.814,85.85700000000001
85.85600000000001,85.916,85.85600000000001,85.88600000000001
85.88600000000001,86.0,85.88600000000001,85.96700000000001
85.96700000000001,86.00200000000001,85.961,85.991
85.993,86.148,85.96700000000001,86.12700000000001
86.12700000000001,86.135,86.06200000000001,86.074
86.07600000000001,86.079,86.01899999999999,86.07
86.06700000000001,86.09100000000001,86.023,86.07700000000001
86.07600000000001,86.088,86.056,86.073
86.07600000000001,86.11200000000001,86.07600000000001,86.094
86.094,86.169,86.088,86.12700000000001
86.12700000000001,86.177,86.115,86.156
86.154,86.163,86.08,86.085
86.08200000000001,86.12100000000001,86.04899999999999,86.109
86.109,86.171,86.094,86.171
86.171,86.18299999999999,86.10600000000001,86.13
86.13,86.148,86.08200000000001,86.086
86.086,86.10700000000001,86.07,86.088
86.086,86.09200000000001,86.031,86.09200000000001
86.094,86.12100000000001,86.07700000000001,86.08
86.08,86.09100000000001,86.052,86.07600000000001
86.079,86.094,86.035,86.06700000000001
86.065,86.095,86.014,86.02600000000001
86.02799999999999,86.03200000000001,85.927,85.961
85.961,85.969,85.89200000000001,85.89200000000001
85.89200000000001,85.931,85.88,85.897
85.897,85.90100000000001,85.82600000000001,85.836
85.835,85.836,85.714,85.75200000000001
85.75200000000001,85.775,85.665,85.66799999999999
85.669,85.738,85.669,85.729
85.729,85.729,85.67399999999999,85.704
85.70200000000001,85.749,85.675,85.728
85.728,85.749,85.654,85.666
85.666,85.69200000000001,85.62200000000001,85.635
85.635,85.65100000000001,85.579,85.64200000000001
85.645,85.65899999999999,85.552,85.57600000000001
85.57600000000001,85.58,85.47200000000001,85.475
85.476,85.48700000000001,85.38,85.46600000000001
85.464,85.494,85.45100000000001,85.458
85.46,85.559,85.454,85.559
85.556,85.559,85.48100000000001,85.508
85.508,85.54700000000001,85.463,85.464
85.464,85.507,85.464,85.493
85.493,85.494,85.416,85.44
85.439,85.47200000000001,85.434,85.443
85.439,85.439,85.348,85.40299999999999
85.404,85.43700000000001,85.241,85.266
85.266,85.291,85.226,85.23100000000001
85.229,85.291,85.20200000000001,85.235
85.23700000000001,85.32600000000001,85.225,85.281
85.281,85.31200000000001,85.257,85.296
85.29700000000001,85.365,85.29700000000001,85.36
85.359,85.44,85.353,85.395
85.395,85.413,85.374,85.37700000000001
85.375,85.38,85.35,85.363
85.365,85.38,85.318,85.36
85.36200000000001,85.458,85.36200000000001,85.421
85.421,85.428,85.37200000000001,85.412
85.413,85.45100000000001,85.413,85.434
85.431,85.431,85.35700000000001,85.369
85.368,85.419,85.363,85.38799999999999
85.38600000000001,85.419,85.34700000000001,85.366
85.368,85.38600000000001,85.324,85.344
85.344,85.345,85.306,85.311
85.311,85.353,85.309,85.335
85.335,85.359,85.309,85.329
85.329,85.329,85.234,85.26899999999999
85.26700000000001,85.34100000000001,85.264,85.336
85.336,85.35,85.3,85.32
85.32,85.36200000000001,85.296,85.34700000000001
85.344,85.354,85.31200000000001,85.338
85.338,85.34700000000001,85.23100000000001,85.243
85.241,85.243,85.199,85.208
85.208,85.255,85.181,85.25200000000001
85.25,85.26100000000001,85.21700000000001,85.24
85.241,85.25200000000001,85.18,85.18
85.178,85.211,85.166,85.186
85.186,85.238,85.184,85.204
85.20200000000001,85.225,85.162,85.198
85.195,85.219,85.178,85.219
85.219,85.238,85.205,85.225
85.228,85.275,85.198,85.26700000000001
85.266,85.34700000000001,85.26100000000001,85.338
85.338,85.383,85.29,85.37700000000001
85.37700000000001,85.41,85.35,85.37899999999999
85.37899999999999,85.40700000000001,85.33200000000001,85.34700000000001
85.344,85.359,85.32600000000001,85.345
85.344,85.348,85.3,85.311
85.309,85.35,85.291,85.344
85.344,85.365,85.33200000000001,85.35600000000001
85.354,85.38799999999999,85.344,85.385
85.385,85.48200000000001,85.37899999999999,85.48100000000001
85.479,85.484,85.41799999999999,85.43700000000001
85.43700000000001,85.44,85.34700000000001,85.368
85.365,85.37200000000001,85.30799999999999,85.335
85.335,85.391,85.31200000000001,85.351
85.35,85.365,85.228,85.234
85.235,85.329,85.23100000000001,85.31700000000001
85.31700000000001,85.324,85.243,85.291
85.294,85.389,85.266,85.35
85.35,85.391,85.324,85.32600000000001
85.32600000000001,85.348,85.281,85.329
85.32700000000001,85.359,85.3,85.309
85.31200000000001,85.345,85.234,85.244
85.244,85.255,85.199,85.21
85.21,85.21,85.113,85.178
85.175,85.213,85.147,85.148
85.15,85.18299999999999,85.086,85.12100000000001
85.12100000000001,85.13,84.99600000000001,85.037
85.035,85.055,84.994,84.999
85.0,85.04,84.94200000000001,84.94200000000001
84.94,84.978,84.927,84.93700000000001
84.934,84.96,84.916,84.95100000000001
84.95100000000001,85.029,84.92200000000001,85.025
85.025,85.15100000000001,85.00200000000001,85.15100000000001
85.15,85.18,85.1,85.11200000000001
85.11200000000001,85.124,84.99700000000001,84.99700000000001
84.999,85.09200000000001,84.963,85.053
85.053,85.095,85.035,85.035
85.037,85.064,84.939,84.96700000000001
84.96700000000001,85.053,84.93700000000001,85.014
85.01299999999999,85.04700000000001,84.96,84.99600000000001
84.99600000000001,85.04700000000001,84.993,85.03200000000001
85.029,85.09100000000001,85.01700000000001,85.09100000000001
85.094,85.094,85.029,85.03200000000001
85.03200000000001,85.104,85.029,85.056
85.056,85.103,85.03399999999999,85.101
85.103,85.11,85.052,85.07
85.07,85.094,85.041,85.052
85.052,85.059,84.98100000000001,84.98700000000001
84.98700000000001,84.988,84.92200000000001,84.95100000000001
84.95100000000001,84.969,84.928,84.945
84.943,84.954,84.898,84.939
84.939,84.96,84.91,84.939
84.94,84.969,84.928,84.948
84.945,84.98700000000001,84.939,84.96
84.96,85.01100000000001,84.95700000000001,84.999
85.0,85.02,84.99,85.01899999999999
85.01700000000001,85.02799999999999,84.994,85.00200000000001
85.00200000000001,85.041,84.993,85.041
85.041,85.05,85.023,85.05
85.04700000000001,85.059,85.04,85.05799999999999
85.05799999999999,85.064,84.984,85.0
85.0,85.008,84.939,84.945
84.946,84.975,84.93700000000001,84.95200000000001
84.954,84.96,84.93,84.94
84.939,84.96,84.919,84.954
84.95200000000001,84.964,84.936,84.96
84.963,84.978,84.96,84.97200000000001
84.97200000000001,85.03399999999999,84.969,85.023
85.025,85.061,85.023,85.056
85.05799999999999,85.085,85.04700000000001,85.085
85.083,85.1,85.06700000000001,85.088
85.086,85.103,85.073,85.09700000000001
85.09700000000001,85.09700000000001,85.06700000000001,85.094
85.09700000000001,85.115,85.08,85.09200000000001
85.094,85.132,85.085,85.118
85.119,85.166,85.10700000000001,85.166
85.166,85.16799999999999,85.12100000000001,85.124
85.124,85.13799999999999,85.11200000000001,85.118
85.118,85.139,85.11,85.135
85.13600000000001,85.141,85.104,85.113
85.11200000000001,85.13,85.083,85.09700000000001
85.095,85.103,85.07700000000001,85.085
85.085,85.10700000000001,85.065,85.10700000000001
85.10600000000001,85.10600000000001,85.07600000000001,85.09200000000001
85.094,85.145,85.071,85.118
85.116,85.17200000000001,85.098,85.17200000000001
85.17200000000001,85.18700000000001,85.13600000000001,85.14200000000001
85.141,85.16,85.109,85.15100000000001
85.15100000000001,85.189,85.15100000000001,85.18299999999999
85.181,85.219,85.15899999999999,85.204
85.204,85.229,85.19,85.226
85.226,85.28200000000001,85.226,85.24700000000001
85.24700000000001,85.266,85.219,85.23700000000001
85.24,85.258,85.234,85.24600000000001
85.24600000000001,85.285,85.24600000000001,85.27
85.27,85.291,85.27,85.285
85.28200000000001,85.306,85.26100000000001,85.26100000000001
85.26100000000001,85.27,85.23700000000001,85.26700000000001
85.26700000000001,85.279,85.26,85.27799999999999
85.279,85.321,85.279,85.32
85.32,85.323,85.30799999999999,85.311
85.311,85.314,85.249,85.257
85.258,85.26100000000001,85.228,85.249
85.249,85.27,85.228,85.25
85.25,85.294,85.249,85.287
85.285,85.287,85.249,85.26100000000001
85.26,85.3,85.243,85.287
85.287,85.311,85.287,85.294
85.29700000000001,85.29700000000001,85.26,85.28200000000001
85.28200000000001,85.29899999999999,85.258,85.294
85.296,85.311,85.26700000000001,85.27
85.273,85.31200000000001,85.27,85.28399999999999
85.28399999999999,85.306,85.27600000000001,85.287
85.28399999999999,85.302,85.249,85.28200000000001
85.28200000000001,85.296,85.266,85.285
85.288,85.30799999999999,85.27600000000001,85.296
85.29700000000001,85.323,85.291,85.3
85.3,85.323,85.291,85.296
85.294,85.311,85.279,85.309
85.305,85.36,85.296,85.36
85.36,85.404,85.31700000000001,85.321
85.321,85.389,85.32,85.37899999999999
85.37899999999999,85.395,85.37100000000001,85.374
85.375,85.40100000000001,85.354,85.368
85.365,85.37100000000001,85.339,85.34200000000001
85.345,85.36200000000001,85.33,85.344
85.344,85.37100000000001,85.34100000000001,85.35
85.35,85.35,85.33200000000001,85.335
85.335,85.354,85.329,85.34100000000001
85.34100000000001,85.353,85.31200000000001,85.314
85.315,85.32600000000001,85.291,85.29299999999999
85.291,85.359,85.26100000000001,85.318
85.32,85.374,85.32,85.374
85.374,85.398,85.32600000000001,85.391
85.389,85.404,85.335,85.37100000000001
85.369,85.40299999999999,85.353,85.40100000000001
85.40299999999999,85.406,85.38,85.389
85.38600000000001,85.41,85.37100000000001,85.39200000000001
85.395,85.41,85.368,85.382
85.38,85.38600000000001,85.333,85.359
85.359,85.38600000000001,85.35600000000001,85.36
85.36200000000001,85.385,85.32600000000001,85.33200000000001
85.33,85.365,85.32,85.35
85.351,85.366,85.32600000000001,85.34100000000001
85.344,85.363,85.306,85.363
85.363,85.363,85.29899999999999,85.338
85.338,85.36,84.73100000000001,84.749
84.75,84.794,84.431,84.609
84.61,84.75,84.561,84.699
84.699,84.785,84.579,84.775
84.773,84.85600000000001,84.69200000000001,84.791
84.78200000000001,84.78200000000001,84.68700000000001,84.69
84.69,84.69,84.51,84.51700000000001
84.51700000000001,84.62100000000001,84.458,84.6
84.603,84.66,84.49,84.514
84.51100000000001,84.541,84.27600000000001,84.43700000000001
84.436,84.439,84.25,84.28399999999999
84.28399999999999,84.43700000000001,84.28399999999999,84.43700000000001
84.436,84.458,84.383,84.398
84.397,84.46,84.30799999999999,84.46
84.458,84.531,84.38600000000001,84.40700000000001
84.406,84.45700000000001,84.36,84.443
84.445,84.45100000000001,84.26700000000001,84.29700000000001
84.29700000000001,84.338,84.195,84.23700000000001
84.23700000000001,84.323,84.22200000000001,84.302
84.3,84.31700000000001,84.243,84.306
84.309,84.31700000000001,84.24,84.249
84.25399999999999,84.26,84.195,84.219
84.213,84.329,84.204,84.323
84.32,84.333,84.24600000000001,84.303
84.306,84.315,84.26899999999999,84.291
84.291,84.404,84.291,84.397
84.395,84.455,84.363,84.406
84.406,84.431,84.309,84.33200000000001
84.333,84.51700000000001,84.29700000000001,84.51700000000001
84.516,84.641,84.49600000000001,84.573
84.574,84.613,84.541,84.568
84.57,84.585,84.505,84.51700000000001
84.52,84.59100000000001,84.52,84.585
84.585,84.647,84.583,84.63
84.63,84.641,84.55,84.56700000000001
84.56200000000001,84.616,84.55799999999999,84.57600000000001
84.57600000000001,84.615,84.54700000000001,84.61200000000001
84.613,84.71700000000001,84.613,84.681
84.684,84.74,84.648,84.65700000000001
84.656,84.65899999999999,84.58,84.58200000000001
84.583,84.59200000000001,84.535,84.579
84.579,84.633,84.579,84.59700000000001
84.59700000000001,84.609,84.553,84.56700000000001
84.57,84.63,84.57,84.57600000000001
84.57600000000001,84.603,84.564,84.595
84.59700000000001,84.6,84.463,84.51
84.51100000000001,84.54700000000001,84.505,84.537
84.535,84.55,84.454,84.47
84.47,84.555,84.458,84.541
84.541,84.6,84.50200000000001,84.6
84.6,84.641,84.56700000000001,84.585
84.583,84.663,84.57,84.65899999999999
84.65899999999999,84.693,84.624,84.633
84.635,84.65700000000001,84.60600000000001,84.645
84.645,84.678,84.6,84.63799999999999
84.639,84.656,84.538,84.55
84.55,84.585,84.531,84.56200000000001
84.559,84.568,84.508,84.537
84.538,84.541,84.425,84.45200000000001
84.454,84.455,84.39399999999999,84.431
84.43299999999999,84.43700000000001,84.359,84.389
84.389,84.53200000000001,84.385,84.53200000000001
84.537,84.541,84.26700000000001,84.33
84.329,84.38,84.314,84.338
84.338,84.35700000000001,84.26299999999999,84.34100000000001
84.339,84.36200000000001,84.3,84.311
84.311,84.34100000000001,84.28200000000001,84.335
84.335,84.40700000000001,84.314,84.395
84.39399999999999,84.45100000000001,84.33200000000001,84.336
84.336,84.389,84.31200000000001,84.35600000000001
84.35600000000001,84.398,84.323,84.353
84.354,84.40299999999999,84.25,84.25
84.24700000000001,84.34200000000001,84.24600000000001,84.311
84.309,84.40700000000001,84.30799999999999,84.395
84.39200000000001,84.412,84.33200000000001,84.34100000000001
84.34100000000001,84.398,84.29299999999999,84.303
84.3,84.354,84.294,84.31200000000001
84.31200000000001,84.427,84.30799999999999,84.40700000000001
84.40700000000001,84.419,84.368,84.389
84.38799999999999,84.40899999999999,84.353,84.366
84.368,84.428,84.363,84.416
84.41799999999999,84.431,84.38600000000001,84.38600000000001
84.385,84.385,84.291,84.338
84.338,84.338,84.219,84.28200000000001
84.281,84.28200000000001,84.171,84.175
84.17399999999999,84.17399999999999,84.09100000000001,84.16
84.16,84.16,83.98700000000001,83.99600000000001
83.99600000000001,84.0,83.945,83.99600000000001
83.99600000000001,84.029,83.948,83.993
83.99,83.993,83.931,83.939
83.939,83.95200000000001,83.823,83.927
83.925,84.061,83.898,84.05799999999999
84.059,84.1,84.01299999999999,84.01299999999999
84.01299999999999,84.01700000000001,83.93299999999999,83.934
83.934,83.963,83.889,83.939
83.939,83.95700000000001,83.85700000000001,83.874
83.874,83.93700000000001,83.866,83.93700000000001
83.93700000000001,83.991,83.91799999999999,83.978
83.978,84.03200000000001,83.955,84.01100000000001
84.01100000000001,84.038,83.94,83.964
83.964,83.969,83.91799999999999,83.921
83.92200000000001,83.934,83.848,83.848
83.84700000000001,83.853,83.633,83.656
83.65700000000001,83.686,83.579,83.595
83.59700000000001,83.92200000000001,83.59200000000001,83.86200000000001
83.86200000000001,83.874,83.79700000000001,83.809
83.809,83.868,83.803,83.818
83.818,83.83200000000001,83.76100000000001,83.829
83.829,83.83,83.698,83.70100000000001
83.699,83.74,83.695,83.719
83.71700000000001,83.71700000000001,83.60700000000001,83.62100000000001
83.618,83.71700000000001,83.613,83.69
83.69,83.781,83.678,83.744
83.741,83.791,83.72200000000001,83.77600000000001
83.775,83.78200000000001,83.749,83.755
83.75200000000001,83.758,83.65299999999999,83.695
83.69200000000001,83.698,83.647,83.68299999999999
83.681,83.695,83.59200000000001,83.59200000000001
83.59200000000001,83.696,83.59100000000001,83.68700000000001
83.68700000000001,83.695,83.62899999999999,83.66
83.65700000000001,83.678,83.619,83.671
83.669,83.725,83.647,83.693
83.693,83.71,83.654,83.68700000000001
83.68700000000001,83.719,83.663,83.681
83.68299999999999,83.70200000000001,83.645,83.681
83.681,83.785,83.669,83.749
83.74700000000001,83.829,83.72200000000001,83.809
83.81200000000001,83.81200000000001,83.764,83.805
83.805,83.869,83.8,83.85600000000001
83.859,83.86,83.785,83.8
83.803,83.853,83.77600000000001,83.853
83.853,83.87100000000001,83.82,83.868
83.868,83.934,83.844,83.934
83.936,83.948,83.859,83.88600000000001
83.885,83.919,83.859,83.863
83.863,83.87700000000001,83.781,83.81700000000001
83.81700000000001,83.81700000000001,83.73100000000001,83.775
83.775,83.8,83.70700000000001,83.76
83.76,83.805,83.743,83.749
83.749,83.78200000000001,83.704,83.75399999999999
83.75399999999999,83.77,83.689,83.723
83.72200000000001,83.75200000000001,83.65700000000001,83.73700000000001
83.735,83.76899999999999,83.714,83.744
83.74600000000001,83.76899999999999,83.663,83.723
83.72200000000001,83.844,83.67200000000001,83.73700000000001
83.734,83.82,83.719,83.77
83.773,83.95700000000001,83.76899999999999,83.95100000000001
83.948,83.97,83.891,83.96
83.96,83.96700000000001,83.88799999999999,83.90899999999999
83.90899999999999,83.931,83.868,83.90100000000001
83.90100000000001,83.99,83.891,83.98700000000001
83.985,84.052,83.978,84.041
84.041,84.1,84.041,84.08200000000001
84.08,84.08,83.976,84.01899999999999
84.02,84.10700000000001,84.0,84.06200000000001
84.061,84.06200000000001,84.00200000000001,84.01700000000001
84.016,84.044,84.01100000000001,84.016
84.01700000000001,84.03399999999999,83.96700000000001,83.993
83.994,83.99600000000001,83.94,83.973
83.973,84.044,83.969,84.0
83.999,84.038,83.955,84.02
84.01700000000001,84.12100000000001,83.99700000000001,84.073
84.073,84.15,84.04,84.12899999999999
84.125,84.196,84.12100000000001,84.148
84.148,84.15700000000001,84.06700000000001,84.113
84.11,84.12100000000001,83.96600000000001,83.973
83.969,84.04700000000001,83.96,84.031
84.031,84.06200000000001,83.993,84.061
84.059,84.079,84.01700000000001,84.059
84.061,84.166,84.052,84.115
84.115,84.12100000000001,84.038,84.06700000000001
84.059,84.059,83.963,84.01100000000001
84.01,84.016,83.848,83.898
83.898,83.934,83.865,83.90100000000001
83.9,83.916,83.823,83.85600000000001
83.85700000000001,83.859,83.78200000000001,83.794
83.796,83.86,83.77600000000001,83.79
83.79,83.92399999999999,83.781,83.919
83.916,83.945,83.87100000000001,83.89200000000001
83.89399999999999,83.91,83.821,83.91
83.91,83.928,83.86,83.90299999999999
83.90100000000001,83.975,83.88600000000001,83.931
83.934,83.95200000000001,83.904,83.912
83.913,83.945,83.88,83.897
83.898,83.90899999999999,83.84100000000001,83.865
83.863,83.891,83.821,83.85600000000001
83.853,83.863,83.824,83.83200000000001
83.835,83.84700000000001,83.82,83.839
83.839,83.84100000000001,83.806,83.806
83.805,83.81700000000001,83.714,83.72200000000001
83.72200000000001,83.743,83.704,83.74
83.74,83.74,83.67200000000001,83.689
83.689,83.713,83.62700000000001,83.66
83.66,83.72,83.65100000000001,83.704
83.704,83.728,83.684,83.725
83.723,83.75399999999999,83.705,83.735
83.735,83.794,83.725,83.76700000000001
83.76899999999999,83.772,83.74,83.74600000000001
83.74600000000001,83.76700000000001,83.71600000000001,83.728
83.728,83.744,83.696,83.696
83.698,83.713,83.65700000000001,83.70100000000001
83.70200000000001,83.704,83.656,83.681
83.681,83.69,83.663,83.68299999999999
83.684,83.68700000000001,83.639,83.65700000000001
83.65899999999999,83.689,83.65899999999999,83.669
83.671,83.689,83.65700000000001,83.67200000000001
83.67399999999999,83.675,83.645,83.65100000000001
83.65299999999999,83.671,83.635,83.65100000000001
83.65299999999999,83.71,83.65100000000001,83.698
83.698,83.70100000000001,83.65899999999999,83.671
83.669,83.68299999999999,83.63600000000001,83.639
83.639,83.65299999999999,83.61200000000001,83.64399999999999
83.645,83.67200000000001,83.63600000000001,83.654
83.654,83.72,83.63,83.681
83.681,83.711,83.63,83.711
83.719,83.791,83.669,83.791
83.79299999999999,83.88600000000001,83.79299999999999,83.874
83.87700000000001,83.889,83.79,83.81200000000001
83.811,83.839,83.755,83.79700000000001
83.79899999999999,83.815,83.757,83.785
83.785,83.791,83.729,83.741
83.741,83.75399999999999,83.666,83.708
83.708,83.743,83.698,83.708
83.70700000000001,83.71,83.66,83.68299999999999
83.684,83.695,83.564,83.57
83.56700000000001,83.616,83.559,83.60600000000001
83.59200000000001,83.65700000000001,83.59200000000001,83.63
83.63,83.64399999999999,83.588,83.598
83.598,83.62100000000001,83.559,83.62100000000001
83.619,83.65,83.586,83.603
83.603,83.66,83.59100000000001,83.635
83.63600000000001,83.70100000000001,83.63600000000001,83.698
83.69200000000001,83.74,83.671,83.726
83.726,83.749,83.695,83.734
83.735,83.74,83.696,83.734
83.738,83.74,83.70100000000001,83.726
83.726,83.738,83.70200000000001,83.71700000000001
83.726,83.76100000000001,83.725,83.728
83.725,83.728,83.704,83.71
83.708,83.74,83.684,83.74
83.74,83.74600000000001,83.70100000000001,83.70100000000001
83.698,83.75,83.696,83.74
83.74,83.743,83.723,83.726
83.728,83.73100000000001,83.704,83.72
83.72,83.738,83.719,83.738
83.738,83.758,83.729,83.74600000000001
83.74600000000001,83.814,83.744,83.811
83.811,83.82600000000001,83.79700000000001,83.8
83.8,83.815,83.794,83.8
83.79700000000001,83.803,83.788,83.79
83.785,83.803,83.77600000000001,83.785
83.78200000000001,83.791,83.77600000000001,83.77799999999999
83.77799999999999,83.79700000000001,83.77,83.794
83.794,83.8,83.788,83.79700000000001
83.794,83.82,83.779,83.79700000000001
83.79899999999999,83.806,83.785,83.791
83.791,83.802,83.773,83.785
83.787,83.794,83.723,83.725
83.725,83.749,83.70700000000001,83.728
83.725,83.735,83.70700000000001,83.72
83.719,83.726,83.689,83.708
83.70700000000001,83.749,83.69,83.744
83.743,83.75200000000001,83.73700000000001,83.741
83.743,83.785,83.73700000000001,83.78399999999999
83.78399999999999,83.86,83.77799999999999,83.85
83.851,83.92200000000001,83.844,83.92200000000001
83.92200000000001,83.98700000000001,83.92200000000001,83.969
83.969,84.01299999999999,83.964,84.008
84.005,84.014,83.97200000000001,83.97200000000001
83.97200000000001,83.97200000000001,83.931,83.934
83.93700000000001,83.993,83.934,83.988
83.99,84.00399999999999,83.96600000000001,83.985
83.98100000000001,83.98700000000001,83.95200000000001,83.979
83.98100000000001,84.029,83.946,83.973
83.97200000000001,84.06700000000001,83.963,84.038
84.041,84.052,83.963,83.963
83.963,84.005,83.93700000000001,84.005
84.00399999999999,84.01700000000001,83.963,83.969
83.97200000000001,84.064,83.95700000000001,84.06200000000001
84.06200000000001,84.064,83.90100000000001,83.979
83.979,83.98100000000001,83.89200000000001,83.89399999999999
83.89399999999999,83.90899999999999,83.865,83.897
83.895,83.93700000000001,83.85600000000001,83.93700000000001
83.93700000000001,83.954,83.90700000000001,83.90700000000001
83.90700000000001,83.954,83.904,83.925
83.925,84.031,83.92200000000001,84.00200000000001
84.0,84.031,83.975,83.978
83.979,84.06700000000001,83.97200000000001,84.06200000000001
84.059,84.139,83.338,83.39200000000001
83.39399999999999,83.5,83.303,83.366
83.366,83.389,83.181,83.31200000000001
83.31200000000001,83.344,83.13600000000001,83.225
83.225,83.235,83.05,83.07600000000001
83.07600000000001,83.09700000000001,82.666,82.921
82.919,83.359,82.883,83.25
83.249,83.25,83.06200000000001,83.065
83.06700000000001,83.09200000000001,82.809,82.86200000000001
82.863,82.973,82.81200000000001,82.97200000000001
82.97200000000001,82.97200000000001,82.81200000000001,82.859
82.85700000000001,83.005,82.836,83.005
83.014,83.11200000000001,82.99600000000001,83.022
83.023,83.154,83.0,83.15299999999999
83.15100000000001,83.193,83.07600000000001,83.15299999999999
83.15299999999999,83.169,83.023,83.059
83.059,83.086,82.99,83.07
83.06700000000001,83.09100000000001,82.96600000000001,83.035
83.03399999999999,83.1,82.999,83.055
83.05799999999999,83.15299999999999,83.044,83.085
83.08200000000001,83.124,83.007,83.035
83.035,83.101,83.01700000000001,83.05
83.05,83.06200000000001,82.984,82.99
82.993,83.041,82.984,83.01899999999999
83.01899999999999,83.115,83.01899999999999,83.02600000000001
83.02600000000001,83.12100000000001,83.01700000000001,83.118
83.118,83.226,83.115,83.19
83.189,83.189,83.07700000000001,83.133
83.132,83.214,83.104,83.154
83.15100000000001,83.17399999999999,83.086,83.16
83.16,83.211,83.12100000000001,83.195
83.193,83.28200000000001,83.19,83.264
83.264,83.31700000000001,83.24700000000001,83.303
83.305,83.31700000000001,83.264,83.288
83.291,83.318,83.27,83.306
83.306,83.40700000000001,83.296,83.365
83.365,83.365,83.255,83.26
83.26100000000001,83.294,83.258,83.27600000000001
83.27600000000001,83.27799999999999,83.198,83.228
83.229,83.329,83.229,83.314
83.31200000000001,83.31700000000001,83.279,83.28200000000001
83.281,83.281,83.19200000000001,83.196
83.196,83.204,83.14399999999999,83.16
83.15700000000001,83.17200000000001,83.09700000000001,83.139
83.139,83.156,83.06200000000001,83.06700000000001
83.06700000000001,83.13,83.038,83.115
83.115,83.169,83.11200000000001,83.135
83.135,83.17399999999999,83.135,83.147
83.147,83.15,83.118,83.12100000000001
83.124,83.13600000000001,83.09200000000001,83.11200000000001
83.11200000000001,83.154,83.11,83.14200000000001
83.145,83.162,83.08200000000001,83.088
83.088,83.094,83.035,83.07
83.071,83.103,83.053,83.056
83.055,83.056,82.925,82.94200000000001
82.945,83.00200000000001,82.93299999999999,82.993
82.991,83.029,82.975,82.999
82.999,82.999,82.92200000000001,82.936
82.936,82.991,82.92200000000001,82.98200000000001
82.98200000000001,83.005,82.91799999999999,82.91799999999999
82.919,82.96,82.91,82.939
82.93700000000001,83.0,82.931,82.97200000000001
82.97200000000001,82.99700000000001,82.844,82.90700000000001
82.906,82.91,82.853,82.874
82.874,82.882,82.805,82.844
82.844,82.915,82.84100000000001,82.915
82.915,82.991,82.90100000000001,82.985
82.985,83.041,82.978,83.04
83.04,83.178,83.03200000000001,83.17200000000001
83.17399999999999,83.17399999999999,83.085,83.086
83.086,83.11200000000001,82.98100000000001,83.00200000000001
82.994,83.044,82.954,83.00399999999999
83.00200000000001,83.26299999999999,82.99,83.26100000000001
83.264,83.365,83.234,83.33200000000001
83.33200000000001,83.40299999999999,83.33200000000001,83.389
83.38600000000001,83.38600000000001,83.21600000000001,83.238
83.238,83.26899999999999,83.119,83.20100000000001
83.20100000000001,83.211,83.116,83.132
83.13,83.18700000000001,83.055,83.18
83.18,83.204,83.163,83.178
83.181,83.181,83.12899999999999,83.175
83.175,83.32,83.13600000000001,83.26899999999999
83.26700000000001,83.39200000000001,83.255,83.314
83.314,83.382,83.303,83.323
83.323,83.33,83.23700000000001,83.26899999999999
83.26700000000001,83.294,83.15899999999999,83.204
83.20200000000001,83.20200000000001,83.125,83.18700000000001
83.189,83.189,83.05799999999999,83.059
83.061,83.101,83.01,83.01
83.008,83.01,82.698,82.749
82.744,82.84700000000001,82.675,82.75200000000001
82.75200000000001,82.76700000000001,82.529,82.529
82.529,82.675,82.425,82.67200000000001
82.67200000000001,82.675,82.546,82.632
82.633,82.633,82.523,82.53399999999999
82.535,82.585,82.431,82.50200000000001
82.5,82.522,82.3,82.335
82.336,82.389,82.302,82.33200000000001
82.333,82.531,82.333,82.529
82.529,82.73700000000001,82.514,82.604
82.60600000000001,82.633,82.484,82.6
82.6,82.6,82.44200000000001,82.45700000000001
82.45700000000001,82.585,82.43700000000001,82.56200000000001
82.561,82.598,82.535,82.573
82.571,82.62100000000001,82.53200000000001,82.618
82.618,82.713,82.618,82.711
82.711,82.764,82.70200000000001,82.749
82.74700000000001,82.755,82.50399999999999,82.59100000000001
82.59200000000001,82.601,82.47,82.479
82.478,82.553,82.463,82.478
82.479,82.479,82.37700000000001,82.397
82.395,82.46700000000001,82.389,82.439
82.43700000000001,82.538,82.42200000000001,82.52600000000001
82.52799999999999,82.55,82.478,82.529
82.529,82.59700000000001,82.436,82.448
82.445,82.52799999999999,82.44200000000001,82.446
82.445,82.46600000000001,82.354,82.365
82.365,82.404,82.148,82.19
82.19200000000001,82.27600000000001,82.145,82.25399999999999
82.25399999999999,82.431,82.249,82.39399999999999
82.39399999999999,82.431,82.35,82.404
82.40100000000001,82.416,82.329,82.344
82.34100000000001,82.398,82.309,82.32
82.32,82.324,82.17399999999999,82.241
82.24,82.315,82.177,82.294
82.29299999999999,82.35600000000001,82.28200000000001,82.354
82.354,82.354,82.214,82.229
82.228,82.26,82.181,82.20700000000001
82.213,82.26700000000001,82.165,82.175
82.177,82.243,82.133,82.196
82.195,82.211,82.09700000000001,82.116
82.116,82.12899999999999,81.99600000000001,82.064
82.065,82.16799999999999,82.052,82.165
82.165,82.166,82.101,82.109
82.11200000000001,82.181,82.07600000000001,82.16799999999999
82.169,82.25200000000001,82.163,82.23700000000001
82.23700000000001,82.273,82.23100000000001,82.273
82.273,82.31200000000001,82.211,82.294
82.294,82.305,82.165,82.178
82.178,82.21,82.139,82.204
82.204,82.23200000000001,82.169,82.17399999999999
82.17399999999999,82.219,82.116,82.195
82.195,82.20200000000001,82.116,82.15100000000001
82.15299999999999,82.175,82.11200000000001,82.15100000000001
82.15100000000001,82.169,82.1,82.125
82.12100000000001,82.18700000000001,82.09200000000001,82.12700000000001
82.13,82.22,82.124,82.204
82.204,82.24600000000001,82.15100000000001,82.163
82.163,82.163,82.104,82.12200000000001
82.124,82.249,82.124,82.23200000000001
82.23100000000001,82.243,82.204,82.22200000000001
82.225,82.31200000000001,82.22,82.28200000000001
82.28200000000001,82.344,82.238,82.33200000000001
82.333,82.39399999999999,82.323,82.354
82.354,82.458,82.35,82.45700000000001
82.45700000000001,82.59200000000001,82.454,82.55
82.55,82.68299999999999,82.544,82.645
82.645,82.68299999999999,82.56700000000001,82.60600000000001
82.60600000000001,82.619,82.508,82.525
82.525,82.52799999999999,82.359,82.398
82.4,82.84700000000001,82.37700000000001,82.823
82.821,82.866,82.729,82.729
82.726,82.90299999999999,82.705,82.88799999999999
82.88600000000001,82.975,82.845,82.859
82.85700000000001,82.86200000000001,82.785,82.809
82.806,82.806,82.65100000000001,82.65100000000001
82.65,82.65,82.564,82.583
82.58200000000001,82.678,82.51700000000001,82.675
82.67399999999999,82.8,82.67200000000001,82.79299999999999
82.794,82.853,82.689,82.728
82.726,82.87700000000001,82.723,82.818
82.82,82.975,82.82,82.97200000000001
82.97,82.99,82.92200000000001,82.958
82.96,82.975,82.868,82.912
82.91,83.071,82.87700000000001,83.04700000000001
83.04700000000001,83.13,83.00200000000001,83.10700000000001
83.103,83.12700000000001,82.882,82.883
82.883,82.98100000000001,82.853,82.898
82.897,82.92399999999999,82.79299999999999,82.83200000000001
82.83200000000001,82.868,82.758,82.77
82.77,82.86200000000001,82.76100000000001,82.815
82.814,82.848,82.723,82.76299999999999
82.76299999999999,82.868,82.76100000000001,82.84100000000001
82.838,82.86200000000001,82.77799999999999,82.82600000000001
82.82700000000001,82.961,82.80799999999999,82.928
82.931,82.945,82.869,82.945
82.931,82.943,82.80799999999999,82.868
82.868,82.919,82.859,82.874
82.874,82.949,82.87200000000001,82.897
82.895,82.916,82.866,82.874
82.874,82.87700000000001,82.744,82.75
82.75200000000001,82.821,82.74600000000001,82.809
82.81200000000001,82.88,82.796,82.844
82.84200000000001,82.898,82.833,82.851
82.851,82.883,82.84700000000001,82.874
82.874,82.895,82.84700000000001,82.87100000000001
82.869,82.898,82.81700000000001,82.821
82.821,82.90299999999999,82.815,82.883
82.883,82.934,82.868,82.87899999999999
82.87899999999999,82.927,82.85600000000001,82.86200000000001
82.863,82.889,82.83,82.875
82.875,82.895,82.839,82.87100000000001
82.869,82.87700000000001,82.734,82.76
82.76,82.76,82.665,82.67200000000001
82.67200000000001,82.70100000000001,82.618,82.62200000000001
82.624,82.624,82.54299999999999,82.61200000000001
82.61200000000001,82.67200000000001,82.556,82.556
82.556,82.55799999999999,82.431,82.45700000000001
82.458,82.46,82.305,82.383
82.382,82.383,82.211,82.32600000000001
82.324,82.431,82.303,82.41799999999999
82.41799999999999,82.463,82.37700000000001,82.428
82.43,82.44200000000001,82.344,82.35700000000001
82.35700000000001,82.421,82.29899999999999,82.31200000000001
82.31200000000001,82.35600000000001,82.264,82.29
82.29,82.353,82.24700000000001,82.296
82.29700000000001,82.35,82.291,82.34100000000001
82.339,82.359,82.29700000000001,82.309
82.305,82.32600000000001,82.255,82.255
82.255,82.31200000000001,82.22200000000001,82.24700000000001
82.249,82.323,82.24600000000001,82.31700000000001
82.31700000000001,82.35,82.29299999999999,82.34700000000001
82.35,82.419,82.336,82.419
82.413,82.436,82.345,82.345
82.34700000000001,82.366,82.148,82.17399999999999
82.17399999999999,82.243,82.13600000000001,82.22
82.22200000000001,82.31700000000001,82.22200000000001,82.29
82.291,82.36200000000001,82.273,82.35700000000001
82.35700000000001,82.36200000000001,82.28200000000001,82.315
82.31700000000001,82.359,82.27799999999999,82.35700000000001
82.353,82.353,82.285,82.323
82.323,82.42399999999999,82.31200000000001,82.42399999999999
82.425,82.46,82.398,82.413
82.415,82.439,82.368,82.374
82.374,82.454,82.374,82.43299999999999
82.431,82.431,82.37899999999999,82.40899999999999
82.40700000000001,82.43299999999999,82.35600000000001,82.36200000000001
82.359,82.382,82.336,82.36200000000001
82.365,82.413,82.35700000000001,82.412
82.413,82.425,82.35700000000001,82.365
82.366,82.416,82.366,82.413
82.415,82.416,82.39200000000001,82.398
82.398,82.425,82.39399999999999,82.412
82.413,82.436,82.41,82.436
82.436,82.454,82.406,82.41
82.40899999999999,82.44200000000001,82.404,82.439
82.439,82.48700000000001,82.43299999999999,82.449
82.45100000000001,82.454,82.43299999999999,82.44
82.44,82.52600000000001,82.44,82.523
82.508,82.514,82.49600000000001,82.514
82.514,82.52600000000001,82.505,82.514
82.514,82.514,82.44200000000001,82.469
82.475,82.514,82.463,82.514
82.514,82.56700000000001,82.50399999999999,82.54700000000001
82.54700000000001,82.564,82.525,82.552
82.552,82.555,82.52799999999999,82.54700000000001
82.54700000000001,82.615,82.535,82.60700000000001
82.598,82.6,82.55799999999999,82.571
82.571,82.57600000000001,82.529,82.54
82.54,82.552,82.52600000000001,82.544
82.544,82.564,82.51100000000001,82.525
82.52600000000001,82.553,82.50200000000001,82.50200000000001
82.49600000000001,82.522,82.488,82.514
82.51299999999999,82.51700000000001,82.445,82.446
82.446,82.484,82.44200000000001,82.47
82.47200000000001,82.493,82.454,82.464
82.46600000000001,82.484,82.45700000000001,82.461
82.463,82.559,82.46,82.544
82.544,82.647,82.54,82.583
82.58200000000001,82.588,82.531,82.546
82.546,82.60600000000001,82.49,82.491
82.49,82.50200000000001,82.445,82.48700000000001
82.488,82.505,82.42200000000001,82.434
82.43299999999999,82.44200000000001,82.344,82.395
82.395,82.476,82.39399999999999,82.455
82.45700000000001,82.479,82.416,82.425
82.42200000000001,82.54299999999999,82.421,82.522
82.523,82.56200000000001,82.514,82.52600000000001
82.52600000000001,82.705,82.52600000000001,82.684
82.684,82.74700000000001,82.579,82.734
82.728,82.728,82.645,82.654
82.656,82.788,82.656,82.772
82.77,82.775,82.70100000000001,82.77
82.772,82.83200000000001,82.734,82.80799999999999
82.814,82.82600000000001,82.735,82.811
82.811,82.854,82.68,82.689
82.689,82.79700000000001,82.63600000000001,82.73700000000001
82.735,82.925,82.711,82.87700000000001
82.87700000000001,83.749,82.323,83.296
83.296,83.499,83.26299999999999,83.46600000000001
83.463,83.787,83.39200000000001,83.787
83.787,83.913,83.50399999999999,83.52
83.52,83.552,83.35600000000001,83.488
83.48700000000001,83.508,83.249,83.28399999999999
83.28200000000001,83.28200000000001,82.95100000000001,83.10700000000001
83.11,83.351,83.064,83.132
83.135,83.383,83.06700000000001,83.37100000000001
83.37200000000001,83.439,83.31700000000001,83.436
83.436,83.449,83.359,83.395
83.395,83.395,83.25,83.305
83.302,83.43299999999999,83.26899999999999,83.425
83.425,83.541,83.42200000000001,83.49700000000001
83.49700000000001,83.51700000000001,83.416,83.51100000000001
83.51100000000001,83.54700000000001,83.431,83.445
83.44200000000001,83.45700000000001,83.353,83.431
83.43,83.455,83.34200000000001,83.38
83.38,83.47200000000001,83.38,83.39200000000001
83.395,83.4,83.303,83.323
83.321,83.415,83.31200000000001,83.318
83.32,83.43,83.314,83.404
83.40700000000001,83.516,83.40700000000001,83.478
83.478,83.51899999999999,83.443,83.463
83.464,83.48100000000001,83.391,83.454
83.455,83.54700000000001,83.455,83.52600000000001
83.52799999999999,83.613,83.523,83.585
83.586,83.60600000000001,83.514,83.514
83.516,83.538,83.48200000000001,83.499
83.499,83.553,83.463,83.51100000000001
83.51100000000001,83.561,83.479,83.553
83.553,83.598,83.463,83.48100000000001
83.48200000000001,83.508,83.44200000000001,83.463
83.461,83.488,83.416,83.431
83.43,83.46,83.38799999999999,83.40700000000001
83.406,83.436,83.375,83.421
83.419,83.448,83.36,83.398
83.397,83.455,83.363,83.448
83.449,83.51700000000001,83.445,83.461
83.46,83.538,83.45200000000001,83.484
83.484,83.56200000000001,83.484,83.535
83.535,83.55799999999999,83.499,83.54700000000001
83.54700000000001,83.553,83.52600000000001,83.538
83.538,83.583,83.535,83.556
83.556,83.59200000000001,83.529,83.544
83.541,83.65,83.54,83.58
83.579,83.598,83.505,83.508
83.507,83.525,83.458,83.508
83.508,83.56700000000001,83.484,83.484
83.484,83.48700000000001,83.416,83.425
83.419,83.476,83.368,83.43
83.428,83.46700000000001,83.398,83.41
83.40700000000001,83.40899999999999,83.32600000000001,83.345
83.344,83.445,83.32700000000001,83.42200000000001
83.419,83.45700000000001,83.398,83.40100000000001
83.398,83.44200000000001,83.38600000000001,83.412
83.412,83.46,83.389,83.427
83.428,83.46600000000001,83.395,83.419
83.416,83.464,83.40100000000001,83.45700000000001
83.45700000000001,83.484,83.404,83.428
83.428,83.48700000000001,83.42399999999999,83.46
83.46,83.51299999999999,83.44,83.48100000000001
83.48200000000001,83.499,83.463,83.469
83.46700000000001,83.583,83.463,83.58200000000001
83.58200000000001,83.693,83.53200000000001,83.693
83.693,83.755,83.654,83.689
83.689,83.70200000000001,83.609,83.63600000000001
83.63600000000001,83.63600000000001,83.544,83.56200000000001
83.561,83.594,83.53200000000001,83.585
83.588,83.689,83.57600000000001,83.62700000000001
83.62700000000001,83.63,83.57700000000001,83.59100000000001
83.589,83.589,83.535,83.546
83.546,83.579,83.53399999999999,83.571
83.573,83.62100000000001,83.561,83.598
83.594,83.603,83.553,83.553
83.552,83.58200000000001,83.538,83.55
83.552,83.56700000000001,83.49700000000001,83.505
83.5,83.538,83.475,83.493
83.494,83.49700000000001,83.412,83.412
83.412,83.412,83.264,83.28399999999999
83.28200000000001,83.28200000000001,83.16,83.211
83.21,83.288,83.13,83.26100000000001
83.26299999999999,83.264,83.086,83.115
83.11200000000001,83.19,83.094,83.18700000000001
83.186,83.302,83.181,83.3
83.29899999999999,83.311,83.24700000000001,83.303
83.302,83.30799999999999,83.22200000000001,83.25200000000001
83.25200000000001,83.3,83.25,83.275
83.27600000000001,83.31200000000001,83.243,83.31200000000001
83.31200000000001,83.321,83.243,83.288
83.287,83.353,83.258,83.32600000000001
83.32600000000001,83.344,83.294,83.323
83.324,83.335,83.26,83.27
83.26700000000001,83.324,83.244,83.29700000000001
83.29700000000001,83.29700000000001,83.198,83.22
83.22,83.24,83.171,83.225
83.226,83.234,83.16799999999999,83.23200000000001
83.23200000000001,83.234,83.15700000000001,83.15700000000001
83.15899999999999,83.16799999999999,83.074,83.13
83.12899999999999,83.204,83.12100000000001,83.169
83.169,83.19,83.086,83.086
83.088,83.141,83.06200000000001,83.104
83.104,83.109,83.016,83.07
83.07,83.12700000000001,83.06700000000001,83.06700000000001
83.06700000000001,83.103,83.06700000000001,83.09100000000001
83.09100000000001,83.09700000000001,83.052,83.095
83.095,83.11,83.03200000000001,83.04299999999999
83.044,83.083,83.031,83.06700000000001
83.064,83.125,83.064,83.115
83.116,83.12700000000001,83.04700000000001,83.07600000000001
83.07600000000001,83.11200000000001,83.041,83.10700000000001
83.109,83.11200000000001,83.073,83.104
83.103,83.103,83.05,83.071
83.071,83.145,83.04,83.12700000000001
83.12700000000001,83.145,83.083,83.11200000000001
83.11200000000001,83.133,83.02,83.04
83.038,83.074,82.993,83.04899999999999
83.04899999999999,83.068,82.991,83.01899999999999
83.01899999999999,83.068,83.005,83.041
83.041,83.041,82.984,83.0
83.00200000000001,83.01100000000001,82.875,82.954
82.95200000000001,82.97,82.848,82.87100000000001
82.869,82.934,82.851,82.93299999999999
82.934,82.978,82.89200000000001,82.89200000000001
82.891,82.90899999999999,82.863,82.895
82.895,82.91,82.81200000000001,82.865
82.863,82.865,82.8,82.84700000000001
82.84700000000001,82.88600000000001,82.823,82.883
82.882,82.915,82.84700000000001,82.89399999999999
82.89399999999999,82.94200000000001,82.838,82.916
82.916,82.948,82.883,82.948
82.949,83.01700000000001,82.949,83.00200000000001
83.00200000000001,83.053,82.99600000000001,83.008
83.008,83.02,82.95700000000001,83.01700000000001
83.01700000000001,83.064,83.01700000000001,83.053
83.053,83.08,82.993,83.023
83.025,83.035,82.99600000000001,83.005
83.005,83.064,82.98700000000001,83.02799999999999
83.02600000000001,83.02600000000001,82.95100000000001,82.954
82.955,82.98700000000001,82.939,82.969
82.969,83.01899999999999,82.958,82.976
82.976,83.02,82.954,82.96
82.961,83.00399999999999,82.931,82.976
82.975,82.98100000000001,82.906,82.93700000000001
82.939,82.999,82.897,82.979
82.979,83.08,82.978,83.071
83.071,83.214,83.02,83.214
83.21,83.3,82.897,83.23100000000001
83.23100000000001,83.266,83.085,83.20100000000001
83.20200000000001,83.225,83.11,83.11200000000001
83.11200000000001,83.13600000000001,82.993,83.04700000000001
83.044,83.061,82.891,82.915
82.915,82.915,82.791,82.87200000000001
82.874,82.98700000000001,82.809,82.83200000000001
82.83200000000001,82.835,82.535,82.749
82.749,82.749,82.556,82.571
82.571,82.595,82.419,82.5
82.5,82.619,82.49,82.619
82.616,82.677,82.6,82.62200000000001
82.62100000000001,82.78399999999999,82.53200000000001,82.75399999999999
82.75200000000001,82.75200000000001,82.59200000000001,82.62100000000001
82.619,82.71,82.579,82.585
82.58200000000001,82.603,82.469,82.574
82.573,82.57600000000001,82.434,82.48100000000001
82.48200000000001,82.6,82.45100000000001,82.59700000000001
82.59700000000001,82.59700000000001,82.36200000000001,82.37700000000001
82.37700000000001,82.38799999999999,82.266,82.288
82.29,82.323,82.145,82.169
82.16,82.27,82.1,82.12899999999999
82.12700000000001,82.235,82.088,82.225
82.225,82.32600000000001,82.208,82.234
82.23700000000001,82.303,82.226,82.29
82.291,82.29700000000001,82.133,82.193
82.19200000000001,82.24700000000001,82.156,82.20200000000001
82.20100000000001,82.33200000000001,82.184,82.26299999999999
82.264,82.285,82.145,82.169
82.169,82.175,82.09700000000001,82.116
